<?xml version="1.0" encoding="UTF-8" standalone="yes"?>
<addon id="repository.pampereo.xbmc-addons" name="Pampereo XBMC Add-on Repository" version="1.0.0" provider-name="pampereo">
    <extension point="xbmc.addon.repository" name="Pampereo XBMC Add-on Repository">
        <info compressed="false">http://pampereo-xbmc-plugins.googlecode.com/svn/trunk/addons.xml</info>
        <checksum>http://pampereo-xbmc-plugins.googlecode.com/svn/trunk/addons.xml.md5</checksum>
        <datadir zip="false">http://pampereo-xbmc-plugins.googlecode.com/svn/trunk</datadir>
    </extension>
    <extension point="xbmc.addon.metadata">
        <summary>Pampereo Plugins Collection</summary>
        <description>Misc Plugins</description>
        <platform>all</platform>
    </extension>
</addon>